{
  "image_size": {
    "x": 512,
    "y": 512
  },
  "camera": {
    "fov": 54.7,
    "fps": 30,
    "original_size": {
      "x": 800,
      "y": 503
    },
    "position": {
      "x": 0.762,
      "y": -0.015,
      "z": 1.21
    },
    "pitch": 0.6,
    "calibration": {
          "K": [
            [
              772.906855,
              0.0,
              424.980372
            ],
            [
              0.0,
              777.596896,
              258.452509
            ],
            [
              0.0,
              0.0,
              1.0
            ]
          ],
          "distortion": [
            -0.274231,
            0.034838,
            0.00226,
            -0.000972,
            0.0
          ],
          "checkerboard_size": [
            10,
            7
          ],
          "square_size": 24.0
    }
  }
}

